lag,lb_stat,lb_pvalue
1,2.9588669367365554,0.085407771907324
6,5.300733679971684,0.5058600001346811
12,8.98123703148657,0.7045322035587361
