predictor,n,pearson_r,r_squared,p_value
pressure_hPa,3415,-0.15122275778268954,0.02286832247140199,6.388549014128238e-19
temp_C,3415,0.05847126387081257,0.0034188886986501912,0.0006294005908059374
