lag,lb_stat,lb_pvalue
1,3.3384575869761295,0.06767802279704593
6,6.525514051885812,0.36696074366414855
12,10.358091442317466,0.5845769247957642
